"Product ID","SKU","Product Name","Price","Original Price","Brand Name","Discount","Thumbnail URL","Short Description","Images","Colors","Size","Rating Average","Review Count","Discount Rate","Quantity Sold","URL Key","URL Path","Short URL","Type","CreateTime"
"100771285","1604333248318","Giày Lười Nam Da Thật Có Video Đế Khâu Mã SL01","780000.0","780000.0","Bảo Hân SINCE 2016","0.0","https://salt.tikicdn.com/cache/280x280/ts/product/63/72/a6/155453bcc0191d0579edc88deea2fda0.jpg","       Giày Lười Nam Mã D08:   Khách hàng có thể đổi size nếu không vừa hoặc hoàn hàng nếu không ưng.   KIỂU DÁNG: Sản phẩm thiết kế đơn giản, lịch lãm, không cầu kỳ, dễ dàng kết hợp với trang p...","https://salt.tikicdn.com/cache/w1200/ts/product/63/72/a6/155453bcc0191d0579edc88deea2fda0.jpg;https://salt.tikicdn.com/cache/w1200/ts/product/6c/6e/21/d7851850032e1cbfc89748d5f5ef0b17.jpg;https://salt.tikicdn.com/cache/w1200/ts/product/69/e4/f7/9b91b14a3da3d9378d8f6e2627f7b4f2.jpg;https://salt.tikicdn.com/cache/w1200/ts/product/b2/a7/ab/98d29e0a5f7f6913ab922f1b063a5190.jpg;https://salt.tikicdn.com/cache/w1200/ts/product/8d/17/11/222499ca5f685c352b1328e576726352.jpg;https://salt.tikicdn.com/cache/w1200/ts/product/73/66/0b/5461d1ae1f98eb74e58879f06ff1bf76.jpg;https://salt.tikicdn.com/cache/w1200/ts/product/db/78/ec/2aa5c0221287f6fb1b2b55b632a62f24.jpg;https://salt.tikicdn.com/cache/w1200/ts/product/38/98/73/4a1042080c8113c40e08fef96e0d9bb9.jpg;https://salt.tikicdn.com/cache/w1200/ts/product/ae/a7/f5/4153b54ee76fe385baed7dd3cb4c590f.jpg","nâu;đen","","5.0","5","0","18","giay-luoi-nam-da-that-co-video-de-khau-ma-sl01-p100771285","giay-luoi-nam-da-that-co-video-de-khau-ma-sl01-p100771285.html?spid=100771295","https://tiki.vn/product-p100771285.html?spid=100771295","configurable","2024-11-04T22:03:17.955491800"
"48813671","2982942424916","Cây xỏ giầy gỗ khảm trai hoa văn- dây giưa 70cm","128000.0","128000.0","DAICAT","0.0","https://salt.tikicdn.com/cache/280x280/ts/product/4a/d2/b3/55234626d6ffa3fd5bc6452c89f5596a.png","Cây xỏ giầy gỗ khảm trai hoa văn- dây giưa 70cmNguyên liệu : gỗ tự nhiênKích thước: Dài 70cm Cây xỏ giầy khảm trai hoa văn, hoa đẹp ,Cây xỏ sử dụng để chơi, nhưng đổ sử dụng thiết thực hàng ngày cho...","https://salt.tikicdn.com/cache/w1200/ts/product/4a/d2/b3/55234626d6ffa3fd5bc6452c89f5596a.png;https://salt.tikicdn.com/cache/w1200/ts/product/0e/9f/2e/8d0c0f44f9275ec612942f1a4e347524.png","","","4.0","8","0","43","cay-xo-giay-go-kham-trai-hoa-van-day-giua-70cm-p48813671","cay-xo-giay-go-kham-trai-hoa-van-day-giua-70cm-p48813671.html?spid=48813672","https://tiki.vn/product-p48813671.html?spid=48813672","simple","2024-11-04T22:03:22.985526700"
"275328858","6820254386045","Giày thời trang nam NIKE NIKE AIR MAX 97","4009000.0","5359000.0","Nike","1350000.0","https://salt.tikicdn.com/cache/280x280/ts/product/7d/24/3f/c963fcd0a62aa54fd07f8aeaf2148f08.jpg","Giày thời trang nam NIKE NIKE AIR MAX 97Nike là nhà cung cấp toàn cầu về giày, quần áo và dụng cụ thể thao số một thế giới. Được thành lập vào ngày 25 tháng 1 năm 1964 với tên Blue Ribbon Sports bởi ...","https://salt.tikicdn.com/cache/w1200/ts/product/7d/24/3f/c963fcd0a62aa54fd07f8aeaf2148f08.jpg;https://salt.tikicdn.com/cache/w1200/ts/product/e2/bd/af/69a7793826cbbbd26772ac16fcb72a47.jpg;https://salt.tikicdn.com/cache/w1200/ts/product/f0/72/c5/3c9d3f03508b25e2a774cfd0976ad58d.jpg;https://salt.tikicdn.com/cache/w1200/ts/product/28/32/2e/55f9c78549553e583193a473770f1ee4.jpg;https://salt.tikicdn.com/cache/w1200/ts/product/0e/2c/ae/531aac0b0f8d978175378aec292a65e5.jpg;https://salt.tikicdn.com/cache/w1200/ts/product/8d/41/29/39db21c75992d793b97b5d6b70385064.jpg;https://salt.tikicdn.com/cache/w1200/ts/product/4b/67/70/ef146a147ba4cdf671d844906e5ead3c.jpg;https://salt.tikicdn.com/cache/w1200/ts/product/87/85/fb/efe8e2af1a70efc66d4d0be9dc785b43.jpg","white/wolf grey-black","","0.0","0","25","1","giay-thoi-trang-nam-nike-nike-air-max-97-p275328858","giay-thoi-trang-nam-nike-nike-air-max-97-p275328858.html?spid=275331204","https://tiki.vn/product-p275328858.html?spid=275331204","configurable","2024-11-04T22:03:27.853347500"
"275375171","2393699789209","Giày Lười Unisex NATIVE Miles Sugarlite","1590000.0","1590000.0","Native","0.0","https://salt.tikicdn.com/cache/280x280/ts/product/a0/a4/a6/3185b77bfa9138ed5d799c0ea53b4695.jpg","Native Miles Sugarlite với thiết kế cổ điển sẽ phù hợp với mọi loại trang phục của bạn. Giày nằm trong bộ sưu tập Sugarlite với chất liệu nhựa EVA mía đường, chất liệu này làm giảm lượng khí thải...","https://salt.tikicdn.com/cache/w1200/ts/product/a0/a4/a6/3185b77bfa9138ed5d799c0ea53b4695.jpg;https://salt.tikicdn.com/cache/w1200/ts/product/c0/ab/f5/a5052946bc0aab1e940aded76cd687a4.jpg;https://salt.tikicdn.com/cache/w1200/ts/product/70/94/b1/d7bc6ec828c4c67a4172ce7d20d0d1cc.jpg;https://salt.tikicdn.com/cache/w1200/ts/product/96/0e/50/6fd615ed859a55dc0835ab639d22ae57.jpg;https://salt.tikicdn.com/cache/w1200/ts/product/10/fd/dd/418b64746f9fef8d799f82acfc358a16.jpg","xanh lá cây/trắng","36;37.5;39;40;41.5;42.5;44","0.0","0","0","1","giay-luoi-unisex-native-miles-sugarlite-p275375171","giay-luoi-unisex-native-miles-sugarlite-p275375171.html?spid=275375173","https://tiki.vn/product-p275375171.html?spid=275375173","configurable","2024-11-04T22:03:33.166733600"
"270791686","2037972460611","Dép đúc siêu nhẹ nam, nữ DUWA - Hàng chính hãng - TK2263","88500.0","159000.0","DUWA","70500.0","https://salt.tikicdn.com/cache/280x280/ts/product/f9/6c/2a/349a4a0e62c5ebb197df1ea04b5b3512.jpg","Các sản phẩm giày dép nam nữ được chúng tôi nghiên cứu kỹ lưỡng về size chân, sở thích, nhu cầu sử dụng của người Việt Nam.Điểm nổi bật của sản phẩm là kiểu dáng trẻ trung, năng động. Sản phẩm thiết...","https://salt.tikicdn.com/cache/w1200/ts/product/f9/6c/2a/349a4a0e62c5ebb197df1ea04b5b3512.jpg;https://salt.tikicdn.com/cache/w1200/ts/product/0a/46/5f/cafc3cf2ab1620b64b5d6de42d3b6a08.jpg;https://salt.tikicdn.com/cache/w1200/ts/product/96/39/dc/3e080d92ee6b2c39e26a5b7aef7dea22.jpg;https://salt.tikicdn.com/cache/w1200/ts/product/34/b0/37/7cdf75623d5f68a6cdee2e599951e14f.jpg;https://salt.tikicdn.com/cache/w1200/ts/product/76/36/69/1aa41c9ef2c29c6d03221921c617c6be.jpg;https://salt.tikicdn.com/cache/w1200/ts/product/ee/59/7e/2514ef59362cd31c649b94025be27e9f.jpg","màu đen;trắng","35;36;37;38;39;40;41;42","4.5","4","44","19","dep-duc-sieu-nhe-nam-nu-duwa-hang-chinh-hang-tk2263-p270791686","dep-duc-sieu-nhe-nam-nu-duwa-hang-chinh-hang-tk2263-p270791686.html?spid=270791688","https://tiki.vn/product-p270791686.html?spid=270791688","configurable","2024-11-04T22:03:38.180422900"
"217023191","3301762672117","Dép đúc quai ngang vân gỗ nam, nữ siêu nhẹ DUWA - Hàng chính hãng - TK211","88500.0","159000.0","DUWA","70500.0","https://salt.tikicdn.com/cache/280x280/ts/product/48/2e/60/5221e1af3e57ebe3841ce9fee54a231b.jpg"," Các sản phẩm giày dép nam nữ được chúng tôi nghiên cứu kỹ lưỡng về size chân, sở thích, nhu cầu sử dụng của người Việt Nam.Điểm nổi bật của sản phẩm là kiểu dáng trẻ trung, năng động. Sản phẩm th...","https://salt.tikicdn.com/cache/w1200/ts/product/48/2e/60/5221e1af3e57ebe3841ce9fee54a231b.jpg;https://salt.tikicdn.com/cache/w1200/ts/product/42/bb/37/30c3aade783e9ceddc5c05615396120b.jpg;https://salt.tikicdn.com/cache/w1200/ts/product/aa/ce/7c/1aa4545b272f0bc6c15f37c59351debb.jpg;https://salt.tikicdn.com/cache/w1200/ts/product/0e/5c/c4/7767fc85e1acf526787128ce57cedc91.jpg;https://salt.tikicdn.com/cache/w1200/ts/product/cf/22/65/5a208fed768b5a2adb46969bae56aec9.jpg;https://salt.tikicdn.com/cache/w1200/ts/product/03/72/4f/3879a284775e6338e4cdfeb69e1eae5e.jpg","trắng;vàng;xanh lá;đen.","35;36;37;38;39;40;41;42","4.7","21","44","115","dep-duc-quai-ngang-van-go-nam-nu-sieu-nhe-duwa-hang-chinh-hang-tk211-p217023191","dep-duc-quai-ngang-van-go-nam-nu-sieu-nhe-duwa-hang-chinh-hang-tk211-p217023191.html?spid=217023231","https://tiki.vn/product-p217023191.html?spid=217023231","configurable","2024-11-04T22:03:43.749191200"
"272302803","1775914805886","Keo dán giày thể thao, keo dán đa năng, keo dán giày dép siêu chắc trong suốt 45ml - Hàng Chính Hãng","15000.0","15000.0","ASSTAR","0.0","https://salt.tikicdn.com/cache/280x280/ts/product/37/b5/4e/ecc0e1194bdd64b43aa8a2c3c85988ec.jpg","Keo dán, sửa giày dép TERTELL siêu dính siêu bền, chống nước tốt, an toàn, không độc hại tuýp 45ml.Dán giày dép và đồ da chắc như mới, chống nước, độ bền tự nhiên.THÔNG TIN CHI TIẾT SẢN PHẨM KEO DÁN...","https://salt.tikicdn.com/cache/w1200/ts/product/37/b5/4e/ecc0e1194bdd64b43aa8a2c3c85988ec.jpg;https://salt.tikicdn.com/cache/w1200/ts/product/20/ee/bd/5628386307421ef96b0d403708e41769.jpg;https://salt.tikicdn.com/cache/w1200/ts/product/a2/2c/98/a566364a94410f3ee2c7f986d93ad25c.jpg;https://salt.tikicdn.com/cache/w1200/ts/product/8a/00/fa/9054067366488b061a16249f0ebd37f9.jpg;https://salt.tikicdn.com/cache/w1200/ts/product/e1/d7/4f/7a5396d4ae4153d917bea17dd4533661.jpg;https://salt.tikicdn.com/cache/w1200/ts/product/67/0d/38/0a9d638e3a1d7b0b3b6ebfab01462d5b.jpg;https://salt.tikicdn.com/cache/w1200/ts/product/10/45/37/9223eabaeb6121043f9deda04f94b4d0.jpg","","","5.0","4","0","51","keo-dan-sua-giay-dep-tertell-sieu-dinh-sieu-ben-chong-nuoc-tot-an-toan-khong-doc-hai-tuyp-45ml-hang-chinh-hang-p272302803","keo-dan-sua-giay-dep-tertell-sieu-dinh-sieu-ben-chong-nuoc-tot-an-toan-khong-doc-hai-tuyp-45ml-hang-chinh-hang-p272302803.html?spid=272302804","https://tiki.vn/product-p272302803.html?spid=272302804","simple","2024-11-04T22:03:47.638290800"
"131417359","7946650773832","Giày tây nam da thật, tăng chiều cao bí mật 7cm, đế cao su đã khâu chắc chắn, size từ 39 đến 43","179000.0","298500.0","Lê Sang","119500.0","https://salt.tikicdn.com/cache/280x280/ts/product/14/61/57/542c50858cff11a0a203e3f56d28afca.png","Mô Tả Sản PhẩmSize: 39 đến 43Màu Sắc: Đen, nâu, vàng bòKiểu Dáng: Giày xỏ, mũi nhọnGiày Tây Nam Lê Sang Đế TĂNG CHIỀU CAO 6-7CM Lịch Lãm với chất liệu bền đẹp kết hợp đế cao su êm nhẹ chống trơ...","https://salt.tikicdn.com/cache/w1200/ts/product/14/61/57/542c50858cff11a0a203e3f56d28afca.png;https://salt.tikicdn.com/cache/w1200/ts/product/88/cc/38/8000f77b0bf62368712f76880b189a2e.jpg;https://salt.tikicdn.com/cache/w1200/ts/product/9b/50/86/62e2c8602588ea42af91b0c01e0f1be5.jpg;https://salt.tikicdn.com/cache/w1200/ts/product/23/c0/ec/c53e7ef23d278ecc9b72ab80b8a718dc.jpg","","","4.3","14","40","30","giay-tay-nam-da-that-tang-chieu-cao-bi-mat-7cm-de-cao-su-da-khau-chac-chan-size-tu-39-den-43-p131417359","giay-tay-nam-da-that-tang-chieu-cao-bi-mat-7cm-de-cao-su-da-khau-chac-chan-size-tu-39-den-43-p131417359.html?spid=131417361","https://tiki.vn/product-p131417359.html?spid=131417361","configurable","2024-11-04T22:03:51.708440800"
"75031062","4706977863452","Giày da nam Pierre Cardin PCMFWL 702 - màu đen","1190000.0","2990000.0","Pierre Cardin","1800000.0","https://salt.tikicdn.com/cache/280x280/ts/product/29/13/96/dfa62edf07ba888c654d9da0d946e62e.jpg","CHẤT LIỆU SẢN XUẤT:- Thân giày: da bò Nappa/ da bò Top - grain/ da bò bề mặt độ dày tiêu chuẩn 1.8mm. - Đế giày: cao su TPR cao cấp xẻ rãnh chống trượt.- Kiểu dáng giày Dress Shoes cao cấp chuẩn châ...","https://salt.tikicdn.com/cache/w1200/ts/product/29/13/96/dfa62edf07ba888c654d9da0d946e62e.jpg;https://salt.tikicdn.com/cache/w1200/ts/product/30/0d/c6/3bc199b0de52cb75d8cb1992d79acc72.jpg;https://salt.tikicdn.com/cache/w1200/ts/product/73/39/99/3f944cb36dbabdee50402b6bb3a68ef0.jpg;https://salt.tikicdn.com/cache/w1200/ts/product/e9/a1/f3/233b71bb00556ecbf5c3e09281d538d0.jpg;https://salt.tikicdn.com/cache/w1200/ts/product/04/e1/34/e36983df0e47b848a9e4843448555960.jpg","","","4.6","65","60","182","giay-da-nam-pierre-cardin-pcmfwle702blk-p75031062","giay-da-nam-pierre-cardin-pcmfwle702blk-p75031062.html?spid=75031066","https://tiki.vn/product-p75031062.html?spid=75031066","configurable","2024-11-04T22:03:55.941206100"
"276025651","3721927596888","Giày thể thao nam đế êm nhẹ, thoáng khí đế cao su đúc, chống trơn trượt hạn chế mòn  – BEE GEE - GNA2031","670000.0","1340000.0","Bee Gee","670000.0","https://salt.tikicdn.com/cache/280x280/ts/product/d4/a8/d0/9aea4c6d891d2f480c45c5753d20e0f6.jpg","Giày thể thao nam thời trang, giày chạy bộ nam ôm chân thoáng khíGiày được thiết kế đẹp mắt, có tính thẩm mỹ caoThiết kế da cao cấp mềm, thoáng khí        Size: 39,40,41,42,43,44,45Mũi giày ôm the...","https://salt.tikicdn.com/cache/w1200/ts/product/d4/a8/d0/9aea4c6d891d2f480c45c5753d20e0f6.jpg;https://salt.tikicdn.com/cache/w1200/ts/product/47/ec/06/51e80aa966cf52ce4643b781cdce5fe8.jpg;https://salt.tikicdn.com/cache/w1200/ts/product/c6/30/8d/f72abce293827ad08a0576f3c3a7f4d9.jpg;https://salt.tikicdn.com/cache/w1200/ts/product/dc/ba/ed/8dfe1234993d95c86c2080ee8aa31e09.jpg;https://salt.tikicdn.com/cache/w1200/ts/product/f9/d4/6b/2a2c1142d9911eb7b0fd2d1f6dc05e7b.jpg;https://salt.tikicdn.com/cache/w1200/ts/product/9f/df/43/5935de3f3a7a68b44ddeebe0219cc85e.jpg;https://salt.tikicdn.com/cache/w1200/ts/product/45/29/49/6e93fb62ec2991875fa87c62e35abf62.jpg;https://salt.tikicdn.com/cache/w1200/ts/product/ec/d1/fd/b0e786f0200f8449d250bef9085f1888.jpg;https://salt.tikicdn.com/cache/w1200/ts/product/80/69/81/1ca944ceb0038901cd3d5cabbc434540.jpg;https://salt.tikicdn.com/cache/w1200/ts/product/29/55/53/6d089dc789c8169cef5ae371e07ca01e.jpg;https://salt.tikicdn.com/cache/w1200/ts/product/68/a5/f2/cbf3fe3e52f69408a3bf118c07a29c70.jpg;https://salt.tikicdn.com/cache/w1200/ts/product/fe/dd/6b/e8c0388d838d0347c5483c0c99230f98.jpg;https://salt.tikicdn.com/cache/w1200/ts/product/ec/c0/29/4d3a1d10708c8973bb2411b24baf9219.jpg;https://salt.tikicdn.com/cache/w1200/ts/product/99/35/6f/e8e18b616ed67e9deb18213b4b550ce4.jpg","","","0.0","0","50","0","giay-the-thao-nam-de-em-nhe-thoang-khi-de-cao-su-duc-chong-tron-truot-han-che-mon-bee-gee-gna2031-p276025651","giay-the-thao-nam-de-em-nhe-thoang-khi-de-cao-su-duc-chong-tron-truot-han-che-mon-bee-gee-gna2031-p276025651.html?spid=276025661","https://tiki.vn/product-p276025651.html?spid=276025661","configurable","2024-11-04T22:03:59.502545100"
"43035743","8885502044293","Lót giày tổ ong độn đế tăng chiều cao buybox BBPK57","63000.0","63000.0","buybox","0.0","https://salt.tikicdn.com/cache/280x280/ts/product/65/bb/28/4bccbe4d54befe3937e9c8c8e230fdab.jpg","VÌ SAO PHẢI CẦN TĂNG CHIỀU CAO???  Tăng chiều cao để vóc dáng đẹp hơn Tăng chiều cao để dáng đi thêm kiêu hãnh Tăng chiều cao để thêm tự tin Tăng chiều cao để không bị chê lùn Tăng chiều cao đơn ...","https://salt.tikicdn.com/cache/w1200/ts/product/95/ee/39/f9c4f0d8c964061fd24e03b2a36fefa7.jpg","","","4.6","199","0","0","lot-giay-to-ong-don-de-tang-chieu-cao-2cm-3cm-4cm-buybox-bbpk57-p43035743","lot-giay-to-ong-don-de-tang-chieu-cao-2cm-3cm-4cm-buybox-bbpk57-p43035743.html","https://tiki.vn/product-p43035743.html","configurable","2024-11-04T22:04:04.391985"
"275181298","7822013374711","Giày thể thao nam, giày chạy bộ đế êm nhẹ, thoáng khí đế cao su đúc, chống trơn trượt hạn chế mòn  – GNA2024","380000.0","760000.0","Bee Gee","380000.0","https://salt.tikicdn.com/cache/280x280/ts/product/74/86/fa/0de012716aba9732b6414b0bcbbd631b.jpg","Giày thể thao nam giày chạy bộ đế êm nhẹ, thoáng khí đế cao su đúc, chống trơn trượt hạn chế mòn Giày thể thao thời trang, giày chạy bộ ôm chân thoáng khíGiày được thiết kế đẹp mắt, có tính thẩm mỹ ...","https://salt.tikicdn.com/cache/w1200/ts/product/74/86/fa/0de012716aba9732b6414b0bcbbd631b.jpg;https://salt.tikicdn.com/cache/w1200/ts/product/aa/9d/84/5cac5587c3d713a541a3c8d52a339966.jpg;https://salt.tikicdn.com/cache/w1200/ts/product/61/46/b3/a10b43380365a149c441f92b02e385da.jpg;https://salt.tikicdn.com/cache/w1200/ts/product/84/42/5e/d4a1b64fb1e00a5f7fbecaa0e63875e6.jpg;https://salt.tikicdn.com/cache/w1200/ts/product/e8/77/14/e6a3929d9558ee92fdbd457c964621e6.jpg;https://salt.tikicdn.com/cache/w1200/ts/product/a6/1b/7e/e2c0fcedc576910660164c83cd6f7b23.jpg;https://salt.tikicdn.com/cache/w1200/ts/product/54/36/fa/7cd76ae1a467995ceff2b66cec396850.jpg","trắng;xanh;xám","","4.2","5","50","28","giay-the-thao-nam-giay-chay-bo-de-em-nhe-thoang-khi-de-cao-su-duc-chong-tron-truot-han-che-mon-gna2024-p275181298","giay-the-thao-nam-giay-chay-bo-de-em-nhe-thoang-khi-de-cao-su-duc-chong-tron-truot-han-che-mon-gna2024-p275181298.html?spid=275181300","https://tiki.vn/product-p275181298.html?spid=275181300","configurable","2024-11-04T22:04:09.891301900"
"273010633","3986767104673","Keo Đa Năng Dán Đế Giầy Dép Thể Thao, Sneaker, Keo 1630 Dán Giày Dép Chuyên Dụng Siêu Dính, Siêu Bền, Tiện Lợi Trong Gia Đình. TakyHome 6070","29000.0","29000.0","TakyHome","0.0","https://salt.tikicdn.com/cache/280x280/ts/product/ae/aa/63/f523da047e9d88c6729aa986d9ab6c4e.jpg","Keo Nội địa Trung dán giày dép siêu dính, keo dán giày dép kết dính tốt trong suốt không tổn thương daĐẶC TÍNH NỔI BẬT: Keo dán giày 1630 là loại keo chuyên dụng dùng để dán giày và dán được hầu hế...","https://salt.tikicdn.com/cache/w1200/ts/product/ae/aa/63/f523da047e9d88c6729aa986d9ab6c4e.jpg;https://salt.tikicdn.com/cache/w1200/ts/product/15/ae/30/bf1ab446d5801b875bca286edb54e29f.jpg;https://salt.tikicdn.com/cache/w1200/ts/product/cd/32/37/92e8a5bfeb3784244a5d81795faf7a44.jpg;https://salt.tikicdn.com/cache/w1200/ts/product/05/29/63/84a92a19d080349d952e39a6e83bdb67.jpg;https://salt.tikicdn.com/cache/w1200/ts/product/33/85/13/f35addb0ae416ff81ca12d6404814ce6.jpg;https://salt.tikicdn.com/cache/w1200/ts/product/9a/70/52/898f64516100ece76d512b2086962ef7.jpg;https://salt.tikicdn.com/cache/w1200/ts/product/02/ce/b1/b755867b7f6a8346c6e376e87f295bfb.jpg;https://salt.tikicdn.com/cache/w1200/ts/product/a8/a2/1a/b356fb96985a5dce3a72ab7d4881f2e9.jpg;https://salt.tikicdn.com/cache/w1200/ts/product/b2/1c/00/9e62bf6c84c414082f1e22515de7efc7.jpg;https://salt.tikicdn.com/cache/w1200/ts/product/79/0b/fa/ca00183a8cb51859b3050efa91d37ab6.jpg;https://salt.tikicdn.com/cache/w1200/ts/product/ab/5c/9c/6437782aa5c3027fbc2e7143cc344b44.jpg;https://salt.tikicdn.com/cache/w1200/ts/product/77/3b/4f/9bb61487d8a51e2d217cd55095efd6b9.jpg;https://salt.tikicdn.com/cache/w1200/ts/product/b5/c1/31/6f92987b9c7b38ba62b36b9d11b83a34.jpg;https://salt.tikicdn.com/cache/w1200/ts/product/51/c9/94/4fa57818dd52d28b712a9cd30426d38d.jpg;https://salt.tikicdn.com/cache/w1200/ts/product/93/16/3f/53f8862e44061c2b957e7a0b89c3b25c.jpg","","","5.0","1","0","29","keo-da-nang-dan-de-giay-dep-the-thao-sneaker-keo-1630-dan-giay-dep-chuyen-dung-sieu-dinh-sieu-ben-tien-loi-trong-gia-dinh-takyhome-6070-p273010633","keo-da-nang-dan-de-giay-dep-the-thao-sneaker-keo-1630-dan-giay-dep-chuyen-dung-sieu-dinh-sieu-ben-tien-loi-trong-gia-dinh-takyhome-6070-p273010633.html?spid=273010634","https://tiki.vn/product-p273010633.html?spid=273010634","simple","2024-11-04T22:04:13.398123300"
"13356120","1848646537806","Dép Nam Da Bò, Sandal Nam","590000.0","590000.0","Bảo Hân SINCE 2016","0.0","https://salt.tikicdn.com/cache/280x280/ts/product/2c/1b/d6/63ba09fcb4aaa4549daa84c8faa9e07c.jpg","Thiết kế đơn giản, dễ kết trang phục, quần Jean hay quần ÂuDa bò chuẩn (thớ da dày) - mặt mịn, đi nắng mưa không bung quai.Đế cao su đúc chắc chắn - đế êm, có rãnh tạo ma sát.Tiki giao hàng đảm bảo...","https://salt.tikicdn.com/cache/w1200/ts/product/2c/1b/d6/63ba09fcb4aaa4549daa84c8faa9e07c.jpg;https://salt.tikicdn.com/cache/w1200/ts/product/4c/75/dd/d9a28e9244fdba6f08e470df8cac5ace.jpg;https://salt.tikicdn.com/cache/w1200/ts/product/7b/dc/6c/95bc705b71a69b555b7d0200eb9eeeee.jpg;https://salt.tikicdn.com/cache/w1200/ts/product/11/c5/e4/e8557db2f10fa473040e3ab83f14d9c2.jpg;https://salt.tikicdn.com/cache/w1200/ts/product/9c/70/52/a4a50cbecc2e34711120be0ecb6954d5.jpg;https://salt.tikicdn.com/cache/w1200/ts/product/a6/d8/28/8042f8d8061825ab53f8af9acc786998.JPG;https://salt.tikicdn.com/cache/w1200/ts/product/e7/bf/63/9a2886dded638cdedef5c42c950113d8.JPG","","","4.8","16","0","51","dep-nam-da-bo-sandal-nam-p13356120","dep-nam-da-bo-sandal-nam-p13356120.html?spid=13356124","https://tiki.vn/product-p13356120.html?spid=13356124","configurable","2024-11-04T22:04:17.749709500"
"253063458","5598758620406","Dép thời trang nam Skechers Arch Fit Foamies - 243170-NVY","1042000.0","1690000.0","Skechers","648000.0","https://salt.tikicdn.com/cache/280x280/ts/product/0f/de/10/7b6784a9a36e811a8a0edf42dbf84a2a.jpg","Dép thời trang nam Skechers Arch Fit Foamies - 243170-NVYĐặc điểm nổi bật: DÉP NAM ARCH FIT FOAMIESNhững bước đi của bạn sẽ trở nên thoải mái và tự tin hơn nhờ có Skechers Foamies: Arch Fit. Đôi dép...","https://salt.tikicdn.com/cache/w1200/ts/product/0f/de/10/7b6784a9a36e811a8a0edf42dbf84a2a.jpg;https://salt.tikicdn.com/cache/w1200/ts/product/2f/fb/15/9068ea2e7ba91d957baadc99875dde85.jpg;https://salt.tikicdn.com/cache/w1200/ts/product/a1/56/32/db63635f767371b64d7c059e9e048888.jpg;https://salt.tikicdn.com/cache/w1200/ts/product/f5/a4/8f/59f6fabd49ea9af83690942946a03083.jpg;https://salt.tikicdn.com/cache/w1200/ts/product/37/b6/f0/444a77854cadcc7ae4ad171912ed47e2.jpg","navy","US10;US11;US7;US8;US9","5.0","3","38","3","dep-thoi-trang-nam-skechers-arch-fit-foamies-243170-nvy-p253063458","dep-thoi-trang-nam-skechers-arch-fit-foamies-243170-nvy-p253063458.html?spid=253063466","https://tiki.vn/product-p253063458.html?spid=253063466","configurable","2024-11-04T22:04:22.489062300"
"76827077","9888712909876","Giày Công Sở Đi Mưa Thời Trang Nam Cao Cấp","129000.0","129000.0","HT Sports","0.0","https://salt.tikicdn.com/cache/280x280/ts/product/7e/26/db/174c62bf5f1e5ac79ec37027b881e071.jpg","Giới thiệu sản phẩm:- 3 màu : đen, nâu, xanh- Có từ size 39 đến 44.- Phần đế làm bằng cao su tổng hợp với phần rãnh chống trơn trượt, đảm bảo sự an toàn cho người mang. Chất liệu đế mềm, có thể uốn...","https://salt.tikicdn.com/cache/w1200/ts/product/7e/26/db/174c62bf5f1e5ac79ec37027b881e071.jpg;https://salt.tikicdn.com/cache/w1200/ts/product/fa/45/ab/afdcc8f189e5be73f6be0b13f751fd78.jpg;https://salt.tikicdn.com/cache/w1200/ts/product/68/81/d7/598824f188b02f9e85d96529918c0b19.jpg;https://salt.tikicdn.com/cache/w1200/ts/product/d4/6d/0b/f6e217397a6b4db58dd32e24764c4df2.jpg","nâu;xanh đen;đen","","4.5","43","0","143","giay-cong-so-di-mua-thoi-trang-nam-cao-cap-p76827077","giay-cong-so-di-mua-thoi-trang-nam-cao-cap-p76827077.html?spid=76827091","https://tiki.vn/product-p76827077.html?spid=76827091","configurable","2024-11-04T22:04:27.236965700"
"45968195","5616025882832","Lót giày mặt vân massage lòng bàn chân buybox BBPK06","18000.0","18000.0","buybox","0.0","https://salt.tikicdn.com/cache/280x280/ts/product/4b/d9/f3/148c85d56ff54015045cc1c2fd7eee95.jpg","VÌ SAO PHẢI BẢO VỆ BÀN CHÂN??? Bàn chân vốn là nơi chịu toàn bộ áp lực của cơ thể mỗi ngày. Đặc biệt khi chơi thể thao bàn chân càng chịu nhiều tác động, dễ tổn thương, nguy hiểm nhất là thốn gót c...","https://salt.tikicdn.com/cache/w1200/ts/product/4b/d9/f3/148c85d56ff54015045cc1c2fd7eee95.jpg;https://salt.tikicdn.com/cache/w1200/ts/product/6a/2f/47/5eb4f24c2a5b8822e094f14a834c7a53.jpg;https://salt.tikicdn.com/cache/w1200/ts/product/89/43/13/45cd46832f389ccbc6a6c0767c4126e6.jpg;https://salt.tikicdn.com/cache/w1200/ts/product/d6/a7/26/6b10044bcbfc21f58478fafd867985ef.jpg;https://salt.tikicdn.com/cache/w1200/ts/product/00/8b/86/227561e5d5dda711fed44a8a11890284.jpg;https://salt.tikicdn.com/cache/w1200/ts/product/ac/7b/9d/e51d730882249bc39595fb1d9c7b315d.jpg;https://salt.tikicdn.com/cache/w1200/ts/product/c6/f8/15/cdc29a719fb3a57ba00ead78500becd9.jpg;https://salt.tikicdn.com/cache/w1200/ts/product/b7/f9/56/34ec138286b1105e77ad49b8e317ac6f.jpg;https://salt.tikicdn.com/cache/w1200/ts/product/66/4d/f1/5d4cd08cf02964b726981c6c74715851.jpg;https://salt.tikicdn.com/cache/w1200/ts/product/8d/98/02/569e8dd64fbf5c2097560c3c2bf11b21.jpg;https://salt.tikicdn.com/cache/w1200/ts/product/1a/3a/44/f4ce0f8b7b3a6286f97348acd893341f.jpg;https://salt.tikicdn.com/cache/w1200/ts/product/0d/f6/11/ff105e85239846ed64f2bfd6131b0b5a.jpg;https://salt.tikicdn.com/cache/w1200/ts/product/21/05/0c/832e331e88016441b0332c3782f6fb2d.jpg;https://salt.tikicdn.com/cache/w1200/ts/product/6d/e7/d3/b1a796d2db4a664bb0e656f06163c196.jpg;https://salt.tikicdn.com/cache/w1200/ts/product/0f/a8/9c/b7e302fcef54ef040bae368ff6f46dfc.jpg;https://salt.tikicdn.com/cache/w1200/ts/product/84/f0/c8/79900d1b602a2f6c62dbd01053996245.jpg","","","4.6","207","0","1019","lot-giay-mat-van-massage-long-ban-chan-buybox-bbpk06-p45968195","lot-giay-mat-van-massage-long-ban-chan-buybox-bbpk06-p45968195.html?spid=45968199","https://tiki.vn/product-p45968195.html?spid=45968199","configurable","2024-11-04T22:04:32.102746500"
"179497658","1711447714684","Dép quai ngang nam thời trang,may full quai chắc chắn DONAVYPUMA ","169000.0","300000.0","DONAVY","131000.0","https://salt.tikicdn.com/cache/280x280/ts/product/0b/1f/f3/dbc240e38f471db1b0311555d83fe59b.png","Dép quai ngang nam thời trang,may full quai chắc chắn DONAVYPUMAChất liệu: Da bò thật 100% da bò tự nhiênĐế cao su tốt đi siêu êm, chống chơn, trượt.Da được may vào đế cẩn thận, đẹp bao đi nướcHàng đ...","https://salt.tikicdn.com/cache/w1200/ts/product/0b/1f/f3/dbc240e38f471db1b0311555d83fe59b.png;https://salt.tikicdn.com/cache/w1200/ts/product/48/70/ee/ef5eaf4db5c5ec1f2c5b26697f874466.jpg;https://salt.tikicdn.com/cache/w1200/ts/product/4d/9d/44/a165d001a9db21cd141811fc6f987e96.jpg;https://salt.tikicdn.com/cache/w1200/ts/product/3b/30/ce/0a317316fa4348115b671b7b88e1ddce.jpg;https://salt.tikicdn.com/cache/w1200/ts/product/c0/3e/8c/515266f18e23b0cf89750b1cf6db8c10.jpg;https://salt.tikicdn.com/cache/w1200/ts/product/25/d5/20/45a71a193937a2548ac8d43a6845fb48.jpg;https://salt.tikicdn.com/cache/w1200/ts/product/d0/19/12/36c609bab87f7ca63eb0d29babd018bf.jpg;https://salt.tikicdn.com/cache/w1200/ts/product/30/09/be/6e9389754e97326feebc49eca22cf7bb.jpg;https://salt.tikicdn.com/cache/w1200/ts/product/62/f5/04/7e33fb9ee2462bde3e5db53469eaed89.jpg;https://salt.tikicdn.com/cache/w1200/ts/product/d9/5c/71/5b418967b823b897a7f7e698e8a31522.jpg","","","4.6","22","44","83","dep-quai-ngang-nam-puma-thoi-trang-donavypuma-p179497658","dep-quai-ngang-nam-puma-thoi-trang-donavypuma-p179497658.html?spid=179497667","https://tiki.vn/product-p179497658.html?spid=179497667","configurable","2024-11-04T22:04:36.314343100"
"205044757","5740233195995","Giày Sandal VENTO Nam Quai Chéo Xuất Khẩu NV65","260000.0","260000.0","Vento","0.0","https://salt.tikicdn.com/cache/280x280/ts/product/1f/1e/65/cb310966bdb89ecedb8199405c51b3ae.jpg","  Giày dép sandal vento được sản xuất trên thiết bị và kỹ thuật công nghệ cao thiết kế đơn giản quai ngang chéo ôm chân   Chất liệu cao cấp nhập từ nước ngoài đế được làm từ cao su và đúc theo công ...","https://salt.tikicdn.com/cache/w1200/ts/product/1f/1e/65/cb310966bdb89ecedb8199405c51b3ae.jpg;https://salt.tikicdn.com/cache/w1200/ts/product/9a/5e/38/50a73b4d3cb5cd8ae6d487eeb329786f.jpg;https://salt.tikicdn.com/cache/w1200/ts/product/fd/5f/89/60aaaab8be9123a0a1b9e02c1338187f.jpg;https://salt.tikicdn.com/cache/w1200/ts/product/47/4f/d7/b04f863922606bbbdda43dca907c743c.jpg","","","5.0","1","0","5","giay-sandal-vento-nam-quai-cheo-xuat-khau-nv65-p205044757","giay-sandal-vento-nam-quai-cheo-xuat-khau-nv65-p205044757.html?spid=205044930","https://tiki.vn/product-p205044757.html?spid=205044930","configurable","2024-11-04T22:04:41.272221900"
"107233238","9006171893287","Dép nhựa quai ngang siêu nhẹ Bitis nam","106000.0","106000.0","Biti's","0.0","https://salt.tikicdn.com/cache/280x280/ts/product/90/09/1f/fa4f6bee3f1116128c8bd5d339533622.jpg","Dép quai ngang nam Bitis có thiết kế đế nhẹ, êm chân thời trang trẻ trung và sang trọngĐế dép trệt giúp bạn thoải mái khi mangQuai nhưng êm, kết đính họa tiết bằng chỉ chắc chắnDép đã được thử lực...","https://salt.tikicdn.com/cache/w1200/ts/product/90/09/1f/fa4f6bee3f1116128c8bd5d339533622.jpg;https://salt.tikicdn.com/cache/w1200/ts/product/de/08/fa/3a194b2915109a389244a18b5657b00b.jpg;https://salt.tikicdn.com/cache/w1200/ts/product/47/83/c1/2ce390332fbd4fe9b58b656dffc6e1af.jpg;https://salt.tikicdn.com/cache/w1200/ts/product/eb/3f/37/9f956416e2c17c061bd35f22c0320bf3.jpg","","","4.8","69","0","280","dep-nhua-quai-ngang-sieu-nhe-bitis-nam-p107233238","dep-nhua-quai-ngang-sieu-nhe-bitis-nam-p107233238.html?spid=107233244","https://tiki.vn/product-p107233238.html?spid=107233244","configurable","2024-11-04T22:04:45.731088100"
